prefix,kelas,dosen
1KA,1KA01,WITARI ARYUNANI
1KA,1KA02,TRI SULISTYORINI
1KA,1KA03,RINA REFIANTI MUTIARA
1KA,1KA04,DONIE MARGAVIANTO NURROKHMAN
1KA,1KA05,ELVINA
1KA,1KA06,FIVI SYUKRIAH
1KA,1KA07,ROSDIANA
1KA,1KA08,ARI WIJAYA BASUKI RAHARJO
1KA,1KA09,DYAN PRAWITA SARI
1KA,1KA10,TITI NUGRAHENI
1KA,1KA11,YUCE YULIANI
1KA,1KA12,IRA WINDARTI
1KA,1KA13,ITAR MINTARSIH
1KA,1KA14,SARI NOORLIMA YANTI
1KA,1KA15,RATIH NURDIYANI SARI
1KA,1KA16,ETY SUTANTY
1KA,1KA17,LELI SAFITRI
1KA,1KA18,ERLINA
1KA,1KA19,IWAN
1KA,1KA20,MEI RAHARJA
